{"global_step": 15, "correct": 0, "similar": 9, "incorrect": 7, "train_loss": 4.436819076538086, "eval_loss": -1.9415599902470906, "_timestamp": 1713835192.9402437, "_runtime": 1309.8710587024689, "_step": 4}