{"global_step": 7, "correct": 0, "similar": 9, "incorrect": 7, "train_loss": 4.655401229858398, "eval_loss": -0.809281587600708, "_timestamp": 1713837659.9719458, "_runtime": 1589.2636787891388, "_step": 6}