{"global_step": 5, "correct": 1, "similar": 2, "incorrect": 13, "train_loss": 5.216229438781738, "eval_loss": -0.5744986534118652, "_timestamp": 1713803561.8878095, "_runtime": 817.3341925144196, "_step": 4}