{"global_step": 5, "correct": 0, "similar": 1, "incorrect": 2, "train_loss": 4.768267631530762, "eval_loss": -0.3180016875267029, "_timestamp": 1713756954.5120344, "_runtime": 271.35459542274475, "_step": 4}