{"global_step": 10, "correct": 0, "similar": 7, "incorrect": 9, "train_loss": 4.308891296386719, "eval_loss": -1.7243742942810059, "_timestamp": 1713815535.6135795, "_runtime": 3495.4748384952545, "_step": 9}