{"global_step": 5, "correct": 0, "similar": 2, "incorrect": 1, "train_loss": 5.333902359008789, "eval_loss": -0.1515483856201172, "_timestamp": 1713526701.671935, "_runtime": 223.59424901008606, "_step": 4}